,A,B,C,D
2000-01-01,-2.143523571810568,2.4805447662620193,-1.3325278905833184,1.5653757257560748
2000-01-02,-0.7170363921657892,2.615051684435813,-1.3278164889473814,0.4296972085577133
2000-01-03,-2.1894838196725463,2.2659153488639383,-1.111425180593069,-1.7319220659243122
2000-01-04,-2.1521019116633657,0.6025157348276617,-3.489981197450251,-1.103712535976455
2000-01-05,-2.828948579218512,0.6508563430851446,-1.360156099843246,-3.649043423797736
2000-01-06,-1.9156884451192482,1.5087845370238473,-1.0924416321636907,-4.531350314145712
2000-01-07,0.3084900448198804,1.6999407547857024,-1.0164545592674206,-4.501621790107341
2000-01-08,0.8882237540457826,2.6940125779685005,-1.3810542861526351,-4.4615082972963735
2000-01-09,1.8104348051627284,1.9224030568684125,-1.6321353702433257,-3.248067540489833
2000-01-10,1.066711479142812,2.063929710879301,-2.0224863912845135,-4.321010408393462
2000-01-11,1.9852576438452614,2.4792864430171124,-1.533823993078539,-2.9829101077940052
2000-01-12,3.0825944460176053,3.829650498523065,-3.0217787890642276,-4.058937617106569
2000-01-13,4.052195311606856,1.4587103921155355,-1.5061576852773038,-5.067155813677911
2000-01-14,3.1352849575493242,2.0093542739230483,-1.6002481000618696,-6.1958100241663985
2000-01-15,3.754671936312617,2.0407476024431035,-1.3730967726929784,-7.460771510862992
2000-01-16,2.920634286535811,0.23604738456095853,-0.47223487033604583,-6.330611132314969
2000-01-17,3.441635360521101,1.6032590114956964,-0.8052372811395683,-7.107177030776521
2000-01-18,3.0691537982946446,2.8534960565093943,0.8746118543266594,-7.654361316439732
2000-01-19,4.917785254485166,1.8118161542533606,-1.194090076398088,-7.5992412421455855
2000-01-20,4.288144306735072,3.3557239440404816,-1.698496093610406,-8.094386315217903
2000-01-21,3.745048145401578,3.3332112699524674,-1.0148469406221472,-8.812571798233103
2000-01-22,4.479589919893424,2.75773189398699,-2.0704536902425303,-8.852881840341214
2000-01-23,5.576443450271482,2.919182564952878,-1.6239865539376424,-11.151222982362908
2000-01-24,5.749842094766268,3.400028168891649,-3.554539392593637,-10.925361803775404
2000-01-25,5.907105463226001,4.019097533976815,-4.840375050954519,-10.803532847037397
2000-01-26,6.089760777891332,3.762448939927158,-5.562081596252881,-11.362585066409087
2000-01-27,5.217432662150123,1.8707612431827352,-6.025606579072323,-11.753807285209474
2000-01-28,5.1243749807929175,3.3396583977437864,-3.7529199318057804,-12.565848816106264
2000-01-29,3.9485313272642912,3.7897908886523335,-4.5296631628258,-12.637078496513988
2000-01-30,2.9856031194620116,3.297727253374101,-3.7602596106389434,-13.198554578080675
2000-01-31,3.1055473800237405,6.200155750784357,-4.398650474777881,-11.339107931909528
2000-02-01,2.442409316575523,5.889316010006498,-5.159190304085922,-10.932830710191038
2000-02-02,2.856293670837013,6.79500582231711,-6.348272254482541,-10.941713177880025
2000-02-03,2.941595422176139,5.90319091675577,-6.540176859585874,-10.799649725436437
2000-02-04,1.6678158987437266,6.207046702998224,-8.250262281106115,-9.990151277449517
2000-02-05,0.7191471679735839,5.614726011090613,-10.108900507202243,-9.677600688396405
2000-02-06,-0.3584415870011233,5.218258718992629,-11.269236579869949,-9.198975909749363
2000-02-07,-0.29675607503124257,4.6955800350528945,-11.954022690765333,-10.859389980520644
2000-02-08,1.2034557533732462,5.963330286504581,-11.43928750675314,-10.864231740885002
2000-02-09,-0.3637343378215714,5.752011738346657,-11.72540509224406,-9.71210081208635
2000-02-10,1.1371362530900975,4.996892209340631,-11.317270220567767,-8.050836977778095
2000-02-11,0.23677397414377532,3.9633094577613037,-11.587984554675243,-9.184177393924148
2000-02-12,0.9632102156314692,3.5790819215192893,-9.535096321812864,-8.270066276239088
2000-02-13,-0.6471783775943665,2.9240325205765263,-7.761289690605919,-8.170758788756592
2000-02-14,-0.20116981573552534,1.971590171525312,-7.1913483418463215,-10.53413258660985
2000-02-15,0.0077269174303764565,3.3578668028041285,-6.9646588994137835,-10.097700736972214
2000-02-16,-0.6129156640368454,3.4266348641404756,-5.850321004007939,-10.706106661958412
2000-02-17,-0.46969222853428416,2.6337647092862824,-5.820883874651824,-11.572888170124024
2000-02-18,-2.067721266765981,1.8632528011721017,-5.19637522037933,-11.14995464472514
2000-02-19,-1.5377157167934683,1.719374682601352,-4.587149826745245,-12.086652891806704
2000-02-20,-2.598059567350295,2.1717856390317287,-4.135488703732947,-11.123978599018768
2000-02-21,-3.0109994159654487,2.6832797050049964,-5.044672893224699,-11.104086652033532
2000-02-22,-4.06474503091216,2.993966149572528,-4.99052223296388,-9.75243064588811
2000-02-23,-4.864528477567157,3.732275440005745,-4.575045918949389,-9.06466753346664
2000-02-24,-4.6984185606264,4.501447426997891,-4.4107562880370725,-9.855203692606391
2000-02-25,-4.378835422831263,2.8703826180633403,-3.7522519515791517,-10.17636694531563
2000-02-26,-4.866885542389328,4.136740228619626,-2.899713262088071,-9.405607304869683
2000-02-27,-4.934645417604741,4.556852408535912,-3.9763648254476274,-10.366453780140818
2000-02-28,-4.262657680573432,5.193345439956172,-3.978196147252383,-11.562516085656366
2000-02-29,-5.165579558782511,6.125869771357145,-4.598319431145797,-10.493083261511213
2000-03-01,-5.681410717835696,5.148734072581018,-4.837086350260338,-9.557004805577598
2000-03-02,-5.672684497977882,5.777254130052766,-6.045778716709757,-10.499750990508009
2000-03-03,-7.556442773095396,5.740226370407372,-5.408142994623048,-12.005503750229398
2000-03-04,-8.047346470749343,4.8926551088309065,-6.386450617205886,-10.77045488816808
2000-03-05,-6.93808526499555,4.691987606359059,-6.169576076182544,-11.832916458657566
2000-03-06,-8.34787453525978,4.3857125137058715,-6.09766408180615,-13.366519753943413
2000-03-07,-7.431143501653999,5.769813055937636,-5.688828503611764,-13.315226019512245
2000-03-08,-7.428900280827187,7.115303795611377,-6.76040503321311,-12.248300734336313
2000-03-09,-7.3900687280016095,5.879710600051592,-6.901692835467051,-14.00991739961438
2000-03-10,-7.078459831338423,4.920459045579783,-6.6527534542749835,-13.009226156578324
2000-03-11,-8.193542517223372,5.403635461279658,-4.379706272841788,-13.426015962813317
2000-03-12,-9.79368219238283,4.936889400165569,-2.2916373472145053,-12.69906166716688
2000-03-13,-8.293965624005855,5.031835402347234,-1.7006558007343984,-13.910407708375285
2000-03-14,-9.460340536000533,4.993337866085064,-3.1195774148199913,-12.888583999251662
2000-03-15,-9.653284150831084,4.844591341426989,-1.3837464852889807,-12.675789563226708
2000-03-16,-9.346206804607549,5.113020492038172,-1.316014972960528,-12.857329097317564
2000-03-17,-8.310545938568426,3.7479451785541764,-1.5853930894606496,-10.546425086219827
2000-03-18,-9.628695959239307,4.167357803364619,-1.4486679281139407,-10.151490311004926
2000-03-19,-10.939830543491315,4.350569541158188,-2.221064070743239,-10.583492029541176
2000-03-20,-11.6538578931197,4.453451161965088,-2.4708616074452667,-11.238366816723534
2000-03-21,-11.58954907587883,4.746175160164801,-3.4146076186149155,-9.344504013003723
2000-03-22,-12.66610580465919,2.427992953534998,-2.91891744855055,-9.372722793609428
2000-03-23,-11.828716565307491,3.3836955300978038,-2.4939466780096953,-8.875355464393472
2000-03-24,-13.353174430072574,1.9685759196065091,-3.205426315660701,-8.310525484215342
2000-03-25,-14.37484405466286,0.41674213108623825,-3.4870424919027725,-10.512044424643753
2000-03-26,-14.144772654383658,0.2261443496570627,-2.240656785816787,-11.580363890427627
2000-03-27,-15.361746000397275,1.1861759249695607,-1.6592843460631443,-12.951195506350986
2000-03-28,-14.779825222578543,1.6298573810597945,-1.1786264916191302,-12.26428060548115
2000-03-29,-15.48761996777745,1.6767480813219198,-0.6483345688713906,-11.574356494689304
2000-03-30,-14.538160673577634,2.9856178526702717,0.02290717297217415,-11.67272284944851
2000-03-31,-14.37529344027753,2.4056303257623988,-0.6505603612574757,-12.57789707410844
2000-04-01,-15.052385341210643,0.7929844721636772,-1.9487936665923642,-12.120040087222643
2000-04-02,-15.221903586838083,1.7754022844279236,-0.556632023705601,-11.202034890200862
2000-04-03,-15.105940656405044,1.469009873839409,-0.2887316214017878,-11.523880575241447
2000-04-04,-14.025610633717935,2.406551145004559,-0.4279086733787644,-12.342940821049368
2000-04-05,-16.691957893127583,3.423951275995299,0.6102094896296149,-12.549125433908612
2000-04-06,-17.127541379422624,3.009312506509411,-1.390701010509304,-12.689458587532899
2000-04-07,-17.953698205553298,3.697207036685241,-2.504628514139453,-13.674033486469552
2000-04-08,-17.8146241676002,2.1930195521040963,-2.89537717419915,-14.123521895183835
2000-04-09,-18.694466801370943,2.9307118201711075,-2.059742381291692,-14.458966619378492
2000-04-10,-19.48100427686231,4.652641160759392,-0.5317580618077811,-14.661655482188943
2000-04-11,-18.87175754197241,5.816821135607283,-1.545221372506984,-14.81107903227502
2000-04-12,-17.39023974721449,5.640674309023325,-0.11055184107570937,-16.002135664467026
2000-04-13,-17.653036632869416,4.714314519987101,-1.465183056911097,-16.686036397216977
2000-04-14,-16.589626605848974,5.348460331660225,-0.6398762919734554,-18.46992089095642
2000-04-15,-17.117641002210537,4.443924103026827,-1.5676476531835926,-18.970877042593475
2000-04-16,-17.56562981272225,4.381992376423365,-1.2835009819053418,-17.766576043691437
2000-04-17,-17.82279990883037,5.418866731321704,0.030385056312217884,-18.942939180670212
2000-04-18,-19.248692635822643,4.489864925333049,1.822409253172062,-17.933834349509493
2000-04-19,-19.636634244619614,4.474220472953532,1.1922604683771387,-17.018263360083207
2000-04-20,-20.11829294951573,5.497337564383102,1.4591500691982713,-16.056742470840295
2000-04-21,-21.751799350586015,4.168903423274427,0.9259536215944834,-15.888100829501862
2000-04-22,-22.74598770689089,6.412113106600593,0.6949411554519218,-15.047701557069193
2000-04-23,-22.628271580674813,7.445377969189703,1.7117013490637372,-14.302221889048784
2000-04-24,-21.547035400834723,9.228506145974919,2.1816771008452682,-15.287921701388818
2000-04-25,-20.627782290070144,8.626065475003532,2.7896821405943193,-15.949363441842026
2000-04-26,-18.9621626365323,7.392858761683974,3.43016525685841,-15.496853300890963
2000-04-27,-20.85226063334091,5.889677728692723,3.963284660665108,-16.718194296754206
2000-04-28,-21.239307844915057,7.106883516257561,4.472884960377933,-16.158911276349436
2000-04-29,-22.071871825780857,7.690574697500403,4.840723056521323,-17.43955379745747
2000-04-30,-20.376059043266114,8.903318816440407,6.2413237244684225,-18.99628016448922
2000-05-01,-21.460406258100303,9.25928919837167,5.415752538932352,-18.75754887299433
2000-05-02,-21.134806216988338,9.334778670906346,4.46618822094328,-19.55483768158909
2000-05-03,-19.51367888897786,9.492341776555612,4.634496334809419,-21.416468744681765
2000-05-04,-19.110994799942958,9.928896357771105,6.633821496611714,-23.162109890402217
2000-05-05,-18.96507381447854,8.412859968845481,7.846107631141789,-23.139175448024456
2000-05-06,-18.1474274419227,8.233745932719915,8.13638884100064,-21.72497035103737
2000-05-07,-18.199912454234415,8.221475732548587,8.605133363495238,-21.242663269535047
2000-05-08,-18.295340047081524,8.511459266621046,8.69534110447635,-20.8967487626023
2000-05-09,-19.630143491079068,9.637933202419935,6.8684053327519,-19.665479923929613
2000-05-10,-19.846448970548128,10.206608420978434,5.285667401537124,-20.539932012471237
2000-05-11,-20.434269949030373,9.666206907241746,4.926304013249408,-20.054574153041106
2000-05-12,-19.94722848848566,9.268369523698995,5.99892339330282,-20.093289546385964
2000-05-13,-20.06944742744009,8.984472849490125,6.825786942114807,-19.261310122552675
2000-05-14,-21.041667367601175,8.98476367953196,8.0789678328378,-18.295507399991788
2000-05-15,-20.523248066471467,9.377756707126968,10.125499867060826,-19.078040951282535
2000-05-16,-21.627394243445963,9.353929883894706,9.503442867241867,-18.303981237520862
2000-05-17,-22.623957387017157,7.8730605485727825,9.52128281687893,-18.962305936659845
2000-05-18,-23.333526067685614,8.191950828131922,9.729450650577576,-19.462711122156488
2000-05-19,-22.104844886480826,8.910221881323256,7.781565196380571,-19.104908219713668
2000-05-20,-22.856732990688915,8.703533979988187,7.266014497433582,-17.945940236076453
2000-05-21,-22.15596372097661,7.666327612295009,6.412550707738136,-17.450334339833773
2000-05-22,-22.210271644245374,8.653146099989216,7.2901924025723925,-16.715099572732132
2000-05-23,-20.723716747309435,7.528801364794815,8.235397031298001,-15.309782440215857
2000-05-24,-21.046832416314572,7.178938117949572,7.7306732892604195,-16.171594595554563
2000-05-25,-21.170819886454304,9.525242606991956,7.8855615672513455,-16.085428563936674
2000-05-26,-21.310777855223833,11.069001655809577,7.883954620788983,-16.399365234142508
2000-05-27,-21.780088250227593,12.285312004612035,8.43529941168186,-15.076739899775443
2000-05-28,-25.00526898028702,11.52167253796102,7.864792156182547,-15.391367529259888
2000-05-29,-25.156811756856737,11.221824913951712,7.2794740352197005,-16.092249248372173
2000-05-30,-24.327511984626064,10.927080838121066,7.503339448792342,-18.00669047713218
2000-05-31,-23.603159802564,10.630880037172703,8.167486863320963,-19.572714787626694
2000-06-01,-24.271145402745613,11.52573360775879,6.436476956600756,-18.087782902554096
2000-06-02,-24.137028225508722,12.28937817729856,6.363865942516173,-19.108288086171697
2000-06-03,-24.496199520658294,12.727617729450452,6.434433225534374,-18.17505896342131
2000-06-04,-21.83845799386902,11.987899228109775,7.186659750275547,-17.74318373447288
2000-06-05,-20.92650005832417,10.90141961519913,7.087771915834355,-17.60674209942283
2000-06-06,-20.768515571665787,9.652737901695295,7.487391859612068,-17.821536542547918
2000-06-07,-22.312266612591806,10.833199017274438,7.4380987877479035,-16.83418991311507
2000-06-08,-22.22237491738493,9.664819258674886,7.228269262915058,-16.47599454966492
2000-06-09,-20.189758215320488,9.420475874823113,6.886787948725506,-16.990736580298723
2000-06-10,-19.47973849994457,9.184065654501692,6.755187877582592,-16.585870750257268
2000-06-11,-20.09937787754496,10.52952799326976,6.782290462790366,-16.630798722103467
2000-06-12,-21.200415396262063,10.977692360529932,6.682517702919476,-16.64725086812734
2000-06-13,-22.086180885567455,11.653513694681688,7.197434645787494,-17.28874425454295
2000-06-14,-24.352046431939808,13.124645119745164,7.820658934198271,-19.25924517900804
2000-06-15,-24.43636343818652,13.125342355109087,6.018405665867723,-19.920016469261384
2000-06-16,-24.251265230638612,12.704871520936393,6.839008099164988,-21.00121121128555
2000-06-17,-23.5940614662663,12.144301557076338,5.635300194732583,-20.44220641148952
2000-06-18,-21.25615303383302,11.127209396649272,6.720876913576836,-20.183653242271077
2000-06-19,-22.796291933272748,11.260173462947389,6.294552847832843,-22.30093938397757
2000-06-20,-23.429862592751707,11.574276875076324,7.465717279363907,-23.263899295878005
2000-06-21,-23.115658402539484,13.023350600294586,8.070024903798167,-22.957022471934614
2000-06-22,-23.99347608020745,12.961410320056071,7.537445927586446,-21.062850364548538
2000-06-23,-22.889740885747386,12.696296000559027,5.883269851653609,-20.90686048246343
2000-06-24,-21.47924753565245,12.595631689909663,6.306197308035603,-20.22607038424267
2000-06-25,-23.214226188012503,12.225030283533997,5.266195882050857,-18.714575728735735
2000-06-26,-22.673179242978126,12.576059077321883,5.545988116825523,-19.13634123332475
2000-06-27,-22.045341447255808,12.312928909853353,7.0305459789885045,-19.806258585390285
2000-06-28,-22.724222877834396,11.210110880887493,7.16142063301292,-18.995960743719323
2000-06-29,-22.19421256586608,11.969967071318365,8.35571585752819,-18.920796728256647
2000-06-30,-20.44294544897907,10.698708515625189,8.22678601703006,-18.52360281483072
2000-07-01,-20.229173614990057,10.00950350505615,8.160936953786472,-18.64224888691264
2000-07-02,-20.92159054343038,9.762292252154282,7.668230626192592,-19.254910991942776
2000-07-03,-20.83389138150546,8.841324514027626,6.935843491506951,-18.25434734609665
2000-07-04,-20.420931508460114,7.083910512901221,7.84610866581729,-17.521139938988426
2000-07-05,-20.473095785449008,6.5807666135873655,8.049156617329118,-18.116841982632675
2000-07-06,-20.006946986208586,7.8506180043765275,7.608958754248483,-18.59784959184691
2000-07-07,-21.128614297513028,9.08799246280583,9.046689039507825,-19.82634946131114
2000-07-08,-20.11664448229218,10.599586792047159,10.003486684620166,-20.22965425669904
2000-07-09,-21.927398390341935,11.883412350541514,11.426314917110352,-18.813412402248943
2000-07-10,-23.084536907654122,10.717239705836409,9.781989392471965,-18.98854283171103
2000-07-11,-22.699320076474734,10.963693379181377,10.027576996771868,-20.355765465032995
2000-07-12,-22.01268760740274,12.025385815393626,12.011871900405293,-19.819927958322072
2000-07-13,-22.54578765532644,12.44966744715614,11.2338449256357,-20.626219560281644
2000-07-14,-22.171794353176445,11.399424353435265,11.204809871349477,-19.767083172925673
2000-07-15,-20.943325594770116,10.882630064062466,12.734182215268511,-21.226728756511594
2000-07-16,-20.665974871333493,9.058263574107386,12.684316655675138,-20.311045262348532
2000-07-17,-20.822055372331434,9.125379712774023,12.255275693893322,-19.85343900783456
2000-07-18,-21.5093230862881,8.06184809183276,11.161796197453263,-21.482863473116893
2000-07-19,-19.604017823959104,7.4741753949789596,9.676741181425186,-21.202941519140722
2000-07-20,-18.875974043486785,6.614613815200354,8.939689080821324,-20.762296232947147
2000-07-21,-18.98720871301245,6.837221031322975,9.94658406511375,-19.017249181566015
2000-07-22,-18.256838913735642,8.93584854756055,10.081796379650381,-18.999096686544526
2000-07-23,-16.029536628487147,8.049574109278662,10.381634052206156,-19.68530783351102
2000-07-24,-18.063804986433034,8.700290474269398,10.034510040261846,-19.53872630494231
2000-07-25,-19.859293881731634,8.546312616107882,10.803378475369177,-20.05575178833789
2000-07-26,-19.387408932475537,8.622184213847916,11.37197496938404,-20.498363410953115
2000-07-27,-19.878068690704545,9.990237564150927,12.580696387306569,-20.888277895995518
2000-07-28,-19.225640062033374,10.009756638924928,11.967041068033884,-20.02318181534212
2000-07-29,-19.593089553513558,11.482759965139792,11.378825994306611,-20.204611892545476
2000-07-30,-21.302786188905888,11.066984813979918,11.447638428168473,-19.651565738076958
2000-07-31,-21.494600556192832,10.517823308403933,11.571604604149693,-20.066656441594663
2000-08-01,-20.80293686203308,10.224201752965776,12.867706004618553,-20.452084977941798
2000-08-02,-20.137838583997908,9.815517847516219,13.231422781921262,-20.983870481628653
2000-08-03,-19.62655920005606,11.016568927809349,11.64887047774704,-20.130340096503573
2000-08-04,-19.967206219068036,11.75683408794922,11.920134467772879,-20.872661723537018
2000-08-05,-19.974652665302035,10.550932903109166,12.395337285703276,-20.908617524170847
2000-08-06,-19.78798502882299,11.152513073959776,12.327208423811397,-19.80460659889092
2000-08-07,-20.34616635341061,10.600150441172753,11.70608793257544,-20.598524365111878
2000-08-08,-20.60944776853666,12.366963426189178,13.786819239396406,-21.263074260174154
2000-08-09,-20.581088433563625,11.328071800249969,12.582330453394597,-21.025332152893714
2000-08-10,-20.769592728747394,12.852940687149184,11.461347519957133,-19.47487232904332
2000-08-11,-19.924043273796208,11.812484940783275,10.724103136499764,-20.54469981446993
2000-08-12,-20.066729204739328,12.100871765132323,8.903787095074026,-21.09261217890645
2000-08-13,-20.276399941825993,12.001804391628673,8.902008126255927,-20.313460994777692
2000-08-14,-21.024923991494436,11.991236854764525,8.72697322176487,-20.551364686301017
2000-08-15,-20.408825266176862,11.909704689782982,8.25278902397865,-19.31689301946137
2000-08-16,-21.616255485695564,10.6718549498829,8.739286729614086,-19.60137667616998
2000-08-17,-21.905230198310228,9.185707398436534,7.072015494784678,-18.175540352480184
2000-08-18,-21.552008359269507,8.69448110453258,6.1319447455445655,-17.776306181973816
2000-08-19,-21.43839694383154,7.179420981399884,5.815347933018508,-18.833386906425737
2000-08-20,-20.356589050481713,7.647024258649185,4.751353747501844,-17.653186325056296
2000-08-21,-21.417691811958456,7.026309131089581,4.887197943916158,-20.082579221639307
2000-08-22,-19.597004752714533,5.7094167304105055,3.766363795035711,-18.545887591294715
2000-08-23,-17.660197880929598,7.357070882886576,5.098434729894709,-18.41659801771463
2000-08-24,-18.076431503749163,6.287476240273314,6.2834780214267205,-17.129946009218795
2000-08-25,-16.902724229052232,6.687194230922907,5.700800948190571,-15.872788464716297
2000-08-26,-16.823317494016035,6.7033345425082755,6.5459645127389425,-14.807297093393304
2000-08-27,-17.36298323822166,7.986781043126229,6.283835031655807,-15.712070361998473
2000-08-28,-16.22669523777199,9.749219116457057,5.78064679001989,-15.445384238260814
2000-08-29,-16.619423483578313,9.28369415015442,6.596554438036039,-14.329792956474602
2000-08-30,-16.365290301270164,11.804994635353246,5.57362778468148,-15.539068131547722
2000-08-31,-16.688097703111016,11.037765157142488,4.8432884061372175,-15.907013749353078
2000-09-01,-16.98457072932511,10.973668995777526,5.556031182069812,-15.583728956694138
2000-09-02,-15.380948302740531,12.23225924921551,4.83332541157821,-14.933642810165237
2000-09-03,-15.829361315023137,11.003479248392374,4.003958958840487,-16.33451403112265
2000-09-04,-15.573527508701433,8.02444377390717,4.134851775461387,-15.274254825437355
2000-09-05,-16.173331036182333,6.069807916393967,3.14962018781503,-15.490892420574031
2000-09-06,-16.220511193446168,4.510820329543118,3.6373782644427104,-13.793439483475535
2000-09-07,-15.332963633830689,4.957415814308222,2.7906917607160273,-12.246588368772525
2000-09-08,-15.837150645898262,4.581160282120387,2.931165938320323,-10.724653911463914
2000-09-09,-16.475464961211355,3.9843022948263966,3.3317008643036083,-10.048429108145092
2000-09-10,-15.402700616660264,1.9599425639446948,4.643263483894822,-9.195080469237611
2000-09-11,-16.5574636900709,1.031759654142712,6.164892688251287,-9.698329330618094
2000-09-12,-16.710636043155166,1.514282829883975,6.610450798998087,-10.15816076852167
2000-09-13,-16.58271340223839,1.320162455316578,6.684361041269623,-9.865830763817767
2000-09-14,-15.131040927505161,1.35744088147694,7.003734408240288,-9.08078849604028
2000-09-15,-14.678593583080566,2.342474801293272,8.702937640710125,-9.211062650317936
2000-09-16,-14.460039081351091,1.3001039153351743,8.451178592026569,-7.974709026701283
2000-09-17,-13.22480719250916,1.3948767415617371,9.0984429037209,-7.137420627879687
2000-09-18,-12.84520604019971,-0.9004274304560924,9.169103807341154,-6.301033664334366
2000-09-19,-12.46235797772725,-0.2580874078667248,10.210355583360602,-6.190140003097028
2000-09-20,-10.317106545898579,-1.1168806818708257,10.00348143138375,-7.8990792459408095
2000-09-21,-8.632285415941022,-1.3649417900537941,9.842106572828813,-7.902080290046994
2000-09-22,-8.460056972645793,-1.2399220672313223,10.467110600524478,-8.451481896289458
2000-09-23,-9.25197436135735,-0.3067237038850993,8.724048704771434,-8.995231710838626
2000-09-24,-9.984623792477588,-2.109315627938625,8.12193193642897,-8.944747139424216
2000-09-25,-11.118932070521122,-3.464124125020996,7.240182439300702,-8.880636575036025
2000-09-26,-10.203700077079255,-1.8810822534179221,6.204063271535427,-9.515764064957825
2000-09-27,-10.216919771299246,-1.6675375429569075,6.16964510655449,-10.939068941603558
2000-09-28,-11.718177582682863,-1.4463321152836863,6.39548639740726,-12.014506028225622
2000-09-29,-11.729529198555866,-1.3347600432953453,7.071156775785873,-12.134343085651537
2000-09-30,-12.251700291265054,-2.4315225011103596,8.513590325312144,-11.414594323782884
2000-10-01,-11.095299804752752,-2.6672133024349742,8.11400015233723,-11.846905412366242
2000-10-02,-11.942646868246705,-2.5107502353479987,7.058196657942153,-11.395504490103534
2000-10-03,-12.662241560361762,-2.123717849747618,8.6798068643959,-9.91220027865458
2000-10-04,-12.168166401676954,-2.1890491888642343,5.578233873159017,-9.716664684606743
2000-10-05,-12.55080093512304,-1.2446696788554994,4.342653873808404,-9.914276445428111
2000-10-06,-12.705626754333535,-1.1685770913134044,2.896860694496806,-10.133054147885716
2000-10-07,-11.975509233963209,-1.9894836918519505,3.5989681957271227,-9.628359276785627
2000-10-08,-12.106074897884074,-0.547705292368728,4.191605348853162,-11.758945178233066
2000-10-09,-12.137560806341677,-1.2912153247165927,3.4650004130196015,-12.544756936731641
2000-10-10,-10.96039747889655,-1.1635242949250604,3.5087552523464565,-12.080499487741307
2000-10-11,-11.607877373196313,-1.569149654098915,3.604507918537955,-12.880993063183015
2000-10-12,-12.326711619947378,-1.9047244524206142,5.135278843963152,-14.108915519238932
2000-10-13,-11.683691178941169,-2.451512975428482,4.9802878001113875,-16.524917692369193
2000-10-14,-11.006023249581405,-2.087601713047393,6.2256903094299965,-17.450475370675353
2000-10-15,-11.143416988459762,-3.2437357276010212,7.7497346821915105,-18.515286256042124
2000-10-16,-11.61563496118097,-3.13827297967473,6.275370727196335,-18.203356446673315
2000-10-17,-11.551266816274078,-3.3444722788206205,5.506752906845939,-17.665709656963543
2000-10-18,-11.158453304873042,-4.4626110018533,6.625797394031103,-18.770394932667163
2000-10-19,-12.662442040774431,-4.433920173687772,5.952172607421654,-17.769885598325757
2000-10-20,-13.169475604810216,-5.593439398516155,5.598885036514764,-18.73614274071745
2000-10-21,-13.75637882031774,-6.7380788309600845,7.827008270264649,-18.53560959092296
2000-10-22,-14.851766754323467,-6.104533149376691,7.638561358890429,-19.117410946856754
2000-10-23,-13.497384279676156,-7.395497721394255,8.60630344944683,-18.241809012921834
2000-10-24,-13.499545028212383,-6.672579586698025,8.559837782323976,-17.924071301259236
2000-10-25,-14.203111726070784,-7.693742247928646,9.55582079200939,-16.499561733616652
2000-10-26,-13.329820871152931,-7.317445821566087,10.312319329532803,-16.08199468693857
2000-10-27,-12.3111848380601,-6.092495755183693,10.771324670055131,-16.512240734618846
2000-10-28,-12.6507027922377,-6.448608457334459,10.292294423282186,-16.09680410398886
2000-10-29,-13.924027667635796,-6.126205168589568,11.382666097746924,-16.779228966616095
2000-10-30,-14.75709238839784,-7.570808816561362,10.082218826413333,-17.40046182931936
2000-10-31,-15.352290121941268,-8.771699012594665,11.565356832658729,-19.322772801905487
2000-11-01,-16.641947258400638,-7.241216409167689,10.995377454184553,-18.592513501313523
2000-11-02,-17.82006403838456,-5.943306410827297,11.01175129938041,-17.561994341417538
2000-11-03,-17.013441626662306,-7.63838316880935,9.499272280281357,-15.913033354948142
2000-11-04,-17.513768572428834,-8.08010815104193,10.85311762463727,-14.978615357806621
2000-11-05,-16.466823217392136,-8.022652179040755,11.634850655633716,-16.40486613442344
2000-11-06,-17.31205873031749,-7.3460117925599135,10.747276020343234,-17.680084972277964
2000-11-07,-16.64848462047778,-7.639579870509553,10.83554603642209,-20.066967420826845
2000-11-08,-16.277756116556418,-8.039627002604272,10.81279788108344,-19.410008344363668
2000-11-09,-15.65526707180653,-7.248929978238005,11.30732440741397,-20.463939744168357
2000-11-10,-14.796703592917206,-7.118833558695312,10.245266316576831,-21.65984515262195
2000-11-11,-13.884064779981976,-7.5174419610048036,10.675837319933654,-22.247825546580362
2000-11-12,-12.717677970094645,-8.715219074768104,11.276258020468855,-22.644132469359484
2000-11-13,-13.111928061027417,-8.466091300812712,10.202762099170203,-22.482464037261213
2000-11-14,-13.109140765935015,-8.66537018633217,7.794166014624913,-22.652377637807128
2000-11-15,-12.607158733159853,-9.155920257424132,8.090526663311618,-22.14252611851689
2000-11-16,-12.557430993811028,-10.197312915144803,7.4167467805771405,-22.62529036494283
2000-11-17,-12.680582590449436,-8.188628675662057,9.23904738130975,-23.726901550656763
2000-11-18,-11.369382115783806,-6.879148711744893,10.08312554285201,-24.753018191715185
2000-11-19,-12.558072550141073,-7.227110575140313,11.332355774393573,-25.03614926181036
2000-11-20,-11.13990746097138,-9.430728708636929,12.326201990791779,-25.7763246068073
2000-11-21,-10.806755077596268,-10.013755898533244,12.922974560042888,-25.93909453861416
2000-11-22,-10.084689025026382,-9.248539680927314,13.550165102582708,-26.25146195404667
2000-11-23,-8.917361218319645,-9.022910190074517,13.20559124683294,-26.693314210761336
2000-11-24,-8.268167549996411,-8.498030186995965,12.961885347363516,-26.523008479285103
2000-11-25,-5.9953655340779175,-6.329591080575514,12.281821639318453,-28.385229965102578
2000-11-26,-7.851336327888173,-5.94087958413163,11.931983888581433,-27.753115039656674
2000-11-27,-6.6967844118538995,-6.4308895251874745,9.765963776785267,-28.699242339917333
2000-11-28,-6.709744189433916,-5.884505519557163,9.28997863304483,-28.051873234759054
2000-11-29,-7.2185735453386055,-5.81573352399265,7.410712627852935,-27.060192096655395
2000-11-30,-6.363937824187456,-7.528973366628831,7.181798837983677,-27.277667931263874
2000-12-01,-5.228847509162274,-9.243792100434375,7.186261112940175,-27.47257344413237
2000-12-02,-6.35488718345043,-9.541855151487091,7.184251356314261,-26.336352187500346
2000-12-03,-5.863117862769853,-9.121349087761995,7.164808657774129,-26.010530633088226
2000-12-04,-4.947198085052391,-8.92094017276727,5.942855941194718,-25.37170832089547
2000-12-05,-6.170923901280934,-8.194836713606652,7.701067255617529,-26.124166743327123
2000-12-06,-5.848137499577617,-8.34687519438443,8.949500725098122,-25.822191899652946
2000-12-07,-5.995338886981266,-7.552074926496915,9.170645159953029,-23.600493382556323
2000-12-08,-6.29474173697896,-7.697431892498433,9.724575107068743,-24.145567966848706
2000-12-09,-5.2457212469662915,-5.8498834711744765,10.050579511736439,-22.536974538979262
2000-12-10,-7.405959009406928,-6.251144375150903,8.788444268296463,-22.652783489253135
2000-12-11,-6.630871225110596,-7.62759986988919,9.217910422324366,-23.755056982104968
2000-12-12,-6.290602886533565,-7.968666909761894,9.676333534071594,-24.256706518316605
2000-12-13,-5.195089363244106,-9.28501200126574,11.425654946357817,-24.972447958930065
2000-12-14,-4.223171772806671,-7.977466150884098,11.852079657976239,-26.595349435959015
2000-12-15,-3.8110641334560613,-10.017350648643031,12.68575439281874,-27.258174187309038
2000-12-16,-2.9349321704584836,-11.28116933696167,10.872711115226952,-27.140339544760856
2000-12-17,-1.9046719643389438,-12.146535845029817,11.360505801924525,-27.33507159641576
2000-12-18,-2.11317612004152,-11.641464802819234,13.09709166378043,-26.225171411952072
2000-12-19,-1.5623676290923485,-9.511842598906837,14.011870661820508,-26.743566265272513
2000-12-20,-0.16511496243168677,-8.475468919648216,12.867399670324673,-26.72544896800498
2000-12-21,1.521456794332727,-7.4643882691472365,12.479220908121661,-27.904864913863673
2000-12-22,1.8191306036963475,-7.783530044850313,13.509045674333015,-28.33717148358963
2000-12-23,2.160803290264971,-8.777571799467614,13.214648114759603,-27.612958319797126
2000-12-24,1.9401478004440746,-8.719526219681235,13.323214523061049,-27.6863167254394
2000-12-25,3.1464724840685876,-8.466275077376908,14.44377623342458,-28.849938851770737
2000-12-26,3.1545880574153973,-8.11973951582311,15.232447619878952,-28.47490543961302
2000-12-27,2.9916466096774106,-10.042568728721037,15.544453651133216,-27.191544759047183
2000-12-28,4.5832885377285155,-10.160685213494817,16.890012605827923,-27.960875088699126
2000-12-29,5.609902190193801,-9.350072959524638,14.978225684864817,-27.14757360842117
2000-12-30,6.027877435259967,-8.552145768895661,14.364676371093507,-25.850223799921263
2000-12-31,8.30168575236541,-9.828658268791214,13.40803392489313,-26.34609491602072
2001-01-01,8.32149916563473,-11.267181672025538,12.168726322502296,-28.43070321674149
2001-01-02,8.175969966447305,-12.61076003353143,12.622342595013027,-28.811429869974695
2001-01-03,7.24812757647034,-10.696829853084648,11.814215524141554,-29.180981592810827
2001-01-04,6.332126997510967,-11.800880836163874,13.477679330152489,-27.013088121308872
2001-01-05,6.810321633919549,-11.64071692252676,15.250387777554273,-25.446509835142393
2001-01-06,4.972076519127692,-12.398146756834405,16.3988059384072,-25.838159576574963
2001-01-07,4.247417901594784,-13.858816728030574,15.411863256464551,-27.089272102520848
2001-01-08,6.032991166658288,-15.029619173072343,14.398636342362725,-27.44545987825098
2001-01-09,7.833941360364415,-15.04391025939138,16.028691094313697,-26.429308905419923
2001-01-10,7.366194247792109,-15.178055346310243,15.656619929607483,-24.90533404250095
2001-01-11,7.015338155535907,-17.056944125161596,16.361317216710198,-24.118862226202396
2001-01-12,7.3954808824626665,-18.150065681213224,15.49361086231326,-22.811846217504343
2001-01-13,5.838372071431529,-17.81093560915218,15.8723671311745,-23.10603150423996
2001-01-14,5.344330623794393,-20.415127165602733,15.175256024137067,-22.71878902683595
2001-01-15,3.067063357165581,-23.012890752375053,15.587936461422148,-22.005610549904677
2001-01-16,3.0007266363497194,-20.94509294318892,16.045176355066946,-24.610363806606777
2001-01-17,5.10865615759402,-21.82788521191724,15.90296041023471,-24.571004585522605
2001-01-18,6.508852487862558,-23.0400021102554,15.3919514492339,-26.038046751984226
2001-01-19,7.647525754893019,-22.35059488437491,15.823891857427451,-24.522395122644074
2001-01-20,9.587542485564224,-22.682549245866678,16.264122600804807,-24.197559390367722
2001-01-21,9.371719737955909,-22.949554450118796,15.162756575206906,-22.625056822670054
2001-01-22,11.282227222116113,-23.354231199559056,14.643248375139754,-23.024847823536412
2001-01-23,13.047072900902457,-23.204053305125303,14.90693549645835,-23.263560018999346
2001-01-24,14.539191821232878,-23.68489525075648,15.07693727785007,-24.231962090907757
2001-01-25,13.287212506782584,-24.75971630403703,14.979385649882685,-22.809162211945377
2001-01-26,12.210438748201357,-25.121034341811086,16.70371747382403,-20.848010521675334
2001-01-27,12.671073976170717,-25.312620881815604,16.295075363903106,-22.185217493849677
2001-01-28,13.068674225752451,-26.770646430476337,16.63311618237964,-22.30404601646761
2001-01-29,12.130195908838797,-26.667094997561758,16.26751486134651,-21.91075308171888
2001-01-30,12.134587646928809,-26.274431943292363,16.17598210519736,-18.876604333342527
2001-01-31,11.051231263614708,-26.5342675957173,15.875308737658736,-19.56821016500286
2001-02-01,10.33054486327688,-26.310564861245712,16.232477042309934,-20.49921232342616
2001-02-02,9.781132780107816,-25.688626853250817,16.157895058182998,-19.402819315004283
2001-02-03,12.388052971036036,-25.611936064299332,16.75304936477419,-19.875112487138317
2001-02-04,12.927847106709677,-24.960126891342004,16.659280009581916,-20.655303817826365
2001-02-05,12.731635633619174,-24.558799746164027,16.160608923244414,-19.457802497951487
2001-02-06,13.539188597742315,-24.22491895898516,14.81779186049543,-18.726106875838052
2001-02-07,13.615238111874097,-23.218157882268898,14.633403454699057,-17.88926957584398
2001-02-08,15.612613053395934,-21.66770007834907,16.28907882015658,-17.726003865104392
2001-02-09,16.24775165437118,-21.60183131454207,14.976156710821098,-18.281851854977244
2001-02-10,17.14567870539419,-20.5820834688436,13.583796257064254,-19.1146411316412
2001-02-11,18.073181687638375,-20.869339353989208,14.833361846550002,-19.658615623713064
2001-02-12,16.26170669699904,-18.894006551042747,14.21225138442453,-21.21163579233453
2001-02-13,16.34335070198695,-19.96800719471144,12.3245673309322,-20.305295583004703
2001-02-14,16.892875849269497,-20.574971060552894,12.324945430418452,-20.247050673370794
2001-02-15,17.863996349732684,-19.46338909220755,12.740378136266369,-20.266380813451022
2001-02-16,16.90223360516239,-20.11791163341922,13.446370012311695,-20.40226436996907
2001-02-17,16.41059400411428,-19.637718072739702,13.148333161794788,-20.63002049479989
2001-02-18,16.52990090829698,-19.164869905956184,12.580683723639993,-21.6908806498161
2001-02-19,15.792582705189034,-19.8686566359543,11.238027031864394,-19.631795187836563
2001-02-20,15.647047671466254,-21.995366834286006,11.482040506333195,-20.807110005295826
2001-02-21,15.528378945315195,-22.964137693449924,12.638380874480449,-20.30934211230738
2001-02-22,15.018037517600055,-22.779884970812724,12.700689366033421,-22.75401827498643
2001-02-23,15.164382754649214,-21.21116845923989,13.007563040436354,-24.107222184607796
2001-02-24,15.774508048693649,-20.302876783143503,14.198102611869153,-23.4594036872338
2001-02-25,15.848397854491935,-20.069498823214897,13.038620360303618,-22.084351726014944
2001-02-26,14.828624050527077,-20.792070571788457,14.477834106726014,-23.333461721744392
2001-02-27,15.171867239489433,-21.543939328176656,13.976423291410939,-22.39666094497534
2001-02-28,15.041062197239091,-20.9448023927207,13.01227458578151,-21.49182605284895
2001-03-01,15.278312036216382,-21.13526898281247,12.816620077642046,-21.124842531974373
2001-03-02,16.611733635753875,-20.393141732189118,11.871583625566316,-19.40968231859721
2001-03-03,16.93390976703725,-19.18147977801583,12.79742979581643,-19.508986690656336
2001-03-04,15.624547230034658,-18.960414547030034,13.215041030558098,-21.874643687381134
2001-03-05,16.53285573860518,-19.22625073338241,13.997880685712394,-22.81098592537548
2001-03-06,16.2222051017704,-20.566062974057346,14.081865189025518,-22.993603113714798
2001-03-07,15.90459045978186,-21.016364837306636,14.805046528886907,-21.484646955203115
2001-03-08,17.27912676132695,-19.99454971961365,14.270199631664623,-21.070908949211056
2001-03-09,18.82097226508131,-20.118033677374473,14.0101045201405,-20.941386361977177
2001-03-10,20.363015290220204,-18.82796629042453,13.756752674086615,-20.197049215094612
2001-03-11,19.267213274179475,-19.636085869665504,13.456193010655516,-21.597601447795984
2001-03-12,19.86276297244436,-20.172399270970608,13.963767373525165,-19.963373767939252
2001-03-13,20.959106401240113,-21.291627570946698,15.62225260816976,-19.92230936558354
2001-03-14,21.13849181126886,-21.17098449765929,15.742045752526671,-19.536950488204624
2001-03-15,18.80520213374404,-20.788120378038048,15.197905797368833,-18.955770874960614
2001-03-16,20.416181326240885,-20.83113938028024,14.444150598046534,-17.990241653536597
2001-03-17,20.539977470614613,-19.257812119735284,13.052854758314052,-18.46267363859667
2001-03-18,20.58208587444658,-18.781205822876736,13.558577677814759,-18.8730666845968
2001-03-19,20.378257015962657,-18.568172796357818,14.474232937577042,-18.42835660689328
2001-03-20,20.897887909199767,-18.934229523205495,15.746263889486778,-20.2582605882162
2001-03-21,19.48920416993503,-18.447952266112924,16.41154366183058,-21.39289379168292
2001-03-22,17.826405584892836,-18.600594423423093,16.50452382469935,-23.447785028014405
2001-03-23,16.29226271399237,-20.73546021970518,16.29444927618062,-23.02974127274192
2001-03-24,15.325650371930797,-22.19748751106603,16.23602353169247,-22.633092081581555
2001-03-25,14.26088803212716,-22.98045224700523,16.228732283587362,-21.573813775049786
2001-03-26,13.479096693094485,-23.336020975473836,14.810938609044651,-22.192550960648298
2001-03-27,14.714905796211694,-23.37750375740342,14.781418517692767,-21.99055321210411
2001-03-28,14.8444409486669,-22.506535349647134,15.676259197368356,-23.78494027242235
2001-03-29,15.185008392492222,-21.68652580410346,14.162603320529568,-22.579192641718375
2001-03-30,16.201141862675925,-22.849697893050973,13.449166048209683,-23.21223154817276
2001-03-31,17.24111101542573,-22.14639220148909,13.45009094916667,-23.166508617908015
2001-04-01,15.748034201379724,-21.845725870137397,13.78875129954466,-23.115336143111655
2001-04-02,13.622418550185712,-20.856549121299427,13.59476655821485,-21.689548178020384
2001-04-03,14.157515423802574,-21.202775226039712,14.261197839400445,-21.533845575529437
2001-04-04,12.925220209372041,-22.735148944986943,12.780106847319654,-21.780962046466723
2001-04-05,12.141644462552337,-23.186279006869896,12.209456595128291,-21.546999298625536
2001-04-06,12.310253264136088,-21.808153886729833,12.863861729707939,-22.341962530093493
2001-04-07,11.3384571131949,-23.764976182851953,11.86413896582904,-23.88369174803449
2001-04-08,13.330232735247385,-22.651931701952034,12.539235312179715,-23.40791916534362
2001-04-09,13.69079242665625,-20.900415122475668,14.014322029261297,-23.329262022326407
2001-04-10,14.393834768962062,-20.16126630109189,14.994665630122103,-22.884712782917152
2001-04-11,16.420817214717168,-20.960764721876636,15.33862124939064,-23.665404994046558
2001-04-12,17.248480779427503,-20.65720077821071,15.903315730149936,-23.63865587373569
2001-04-13,17.449197063891692,-22.013578110178496,15.946882101537946,-24.2634746851792
2001-04-14,17.01383575025967,-22.22889704694937,17.0949080058832,-25.60889270195038
2001-04-15,18.13438303206442,-21.350212999011703,16.600172147472094,-25.828089197238
2001-04-16,19.12469167547532,-19.01440468542928,16.806441840778255,-24.88419418252518
2001-04-17,18.451685655417297,-18.860868329456448,16.878392168537943,-25.74638611992132
2001-04-18,17.181267860594538,-18.10494669184029,17.15558551918301,-25.790152519015052
2001-04-19,18.44577168815692,-15.108447376934794,16.337157723197148,-24.56006140488749
2001-04-20,17.14661355092517,-16.079620759430885,16.395236324048213,-24.642668573609143
2001-04-21,18.297865137674314,-17.2920558590446,17.623369461787032,-26.04028993260118
2001-04-22,17.159803431137014,-18.33915103652098,16.171818630352696,-24.697701509306995
2001-04-23,16.41207250411316,-17.27011455879397,16.54768357572577,-23.56673675846154
2001-04-24,16.19504729982463,-16.352669285268007,16.5648755811104,-23.55714888891186
2001-04-25,17.439929433057603,-17.616849888979736,17.040868515416587,-23.05637707569337
2001-04-26,16.52271560902167,-17.069436901416005,16.67090073390758,-22.76558618318429
2001-04-27,16.76127864501123,-18.716854542475666,17.130390691096682,-22.41226282221938
2001-04-28,18.304611213231187,-18.95530476571034,17.43793517012078,-21.494021091844605
2001-04-29,17.74746974895323,-18.64003945666383,18.71004372871467,-20.43406968241154
2001-04-30,18.264290156527103,-19.106919126758903,20.14358858141286,-19.239407325103453
2001-05-01,17.727348502121465,-20.088734443218506,19.894488575478267,-19.141713728733414
2001-05-02,16.941323730748508,-20.274040386575695,19.989289150205806,-19.790368470908945
2001-05-03,14.367922175717133,-19.780825397093352,19.82488337544764,-18.94163037930293
2001-05-04,13.2050641552437,-18.715988561809258,18.817172604278696,-18.701749036546776
2001-05-05,12.675547531027552,-17.49181990749975,18.199782980575563,-19.539942389011827
2001-05-06,12.53955195243954,-17.232390845050833,18.91200648911917,-21.358883165383634
2001-05-07,12.827456440976897,-17.176879599269423,19.355124831279696,-19.349271394237068
2001-05-08,13.005160601092495,-17.78766921022328,17.717130366457003,-19.11479970378739
2001-05-09,12.048643217528737,-19.375234825368803,20.039669990769763,-18.52007949643818
2001-05-10,11.097787819570895,-19.123792308116816,17.91992251303378,-18.042169856105684
2001-05-11,11.856829927635628,-19.789173012992073,17.554942389081273,-16.130268283475605
2001-05-12,12.93670420905707,-20.22534338377675,19.18704249712406,-14.953818810617104
2001-05-13,12.445270793670062,-20.825250174366495,19.143331608527102,-14.410620840211015
2001-05-14,12.416217108252132,-20.2892137672761,17.70063272675161,-14.654799572407724
2001-05-15,12.6167335944088,-21.239863712627162,15.495963233230233,-14.823512822592475
2001-05-16,13.245535207788464,-21.02923097030551,17.391927283991237,-14.671074112873036
2001-05-17,13.764533589905133,-19.077090807787958,18.150989000544225,-15.039592646395745
2001-05-18,13.99654318146716,-20.099545284994786,18.992950807691486,-16.093670225865782
2001-05-19,12.754004679395566,-19.213868713861046,18.881309621790024,-17.582101332164488
2001-05-20,12.020610243386486,-19.818594174990285,19.735078840587473,-15.536619407385855
2001-05-21,13.848437699506498,-20.5282277179445,19.186422262732304,-15.27023351648252
2001-05-22,13.421139935225629,-22.284190022761564,20.33158975474265,-14.942904755121077
2001-05-23,11.29943243573915,-22.391812609196574,20.23503089770911,-15.721230330277999
2001-05-24,10.77789211559461,-21.503898976213254,20.747646940307433,-13.448533599443167
2001-05-25,9.674035224443038,-20.928941208299552,21.82396047932314,-13.850871642203755
2001-05-26,9.97114613218939,-21.355581839755022,21.271422714182716,-14.650366141795589
2001-05-27,9.270594443925638,-21.157942952951473,20.305055306733358,-16.05303003134388
2001-05-28,9.464731086242343,-22.16491090418288,19.627156941299614,-16.315150577510067
2001-05-29,10.877076315476337,-22.273186712575864,20.200230456237385,-15.274790322154843
2001-05-30,11.357585974027508,-20.213306724902218,21.977044891490372,-18.464426200108576
2001-05-31,11.171170618540467,-20.27493764540269,22.588691887689937,-20.526532898051087
2001-06-01,12.02144140317766,-19.911003992336898,22.859120912218156,-22.14505110548948
2001-06-02,12.93464525632143,-18.5424227446843,22.362705423224543,-20.27137306446535
2001-06-03,12.34718711288968,-16.696641068947734,24.010153863245044,-18.99830977297764
2001-06-04,13.845646384114609,-18.356027150562856,23.65480827440475,-19.890297619169502
2001-06-05,12.20995257761608,-17.791760064591372,24.246324415707996,-20.179377225685982
2001-06-06,10.561209034611755,-18.86700629719136,23.87437793731226,-19.36385229559355
2001-06-07,11.091663948573002,-19.48671313731905,24.84920747377604,-21.405296081500417
2001-06-08,10.775570186412333,-17.432858569708113,24.42027432377901,-23.467317759378357
2001-06-09,10.63088947679185,-17.560609067318865,24.495712955952325,-24.578448524181248
2001-06-10,8.920504263843265,-17.30656883876638,23.315878586998906,-24.816604607269042
2001-06-11,9.905853339507793,-17.380263028783464,22.668692119027288,-26.460609721243177
2001-06-12,10.553004893149513,-17.293128842523824,20.303563987628372,-27.200467193053406
2001-06-13,9.795540516222545,-17.614081585147442,20.350025367727103,-28.10315333204862
2001-06-14,10.623993493379668,-17.22726832997025,18.68133152311938,-26.634362061368392
2001-06-15,11.007664064693092,-15.343379960483395,17.67576687596097,-27.38722974948542
2001-06-16,10.289789602940347,-16.858137402260724,17.58877347908449,-25.833198916415142
2001-06-17,8.879417500654974,-15.048929492981916,17.987280608667334,-25.14914595739492
2001-06-18,9.12712031026456,-15.056176291611157,16.736946036267636,-24.45444910453736
2001-06-19,9.437962592055747,-14.436243159856296,17.101536082924266,-24.03469323504466
2001-06-20,7.888801941958202,-13.009710390717782,18.567302795839918,-24.37428993726875
2001-06-21,7.662657481754937,-11.823787554660086,18.35211714841597,-23.766741292099834
2001-06-22,6.780637853381822,-11.798168019075895,16.12514865962221,-24.319536130538424
2001-06-23,5.480456855136097,-12.750524497769279,16.50381158907929,-22.53384981883169
2001-06-24,5.629049403533746,-13.679850244718807,15.713646007910292,-21.02535351452734
2001-06-25,5.409060518065821,-13.680034560003026,15.912989767928012,-21.273149037785434
2001-06-26,5.029963807154571,-14.192782859655868,14.003728825157046,-21.217000116465346
2001-06-27,5.78494848644849,-13.37695036672649,14.218516393687588,-20.256710677529952
2001-06-28,6.070515031788516,-14.126227674547788,16.237843525037167,-20.179700686668905
2001-06-29,7.448754066619421,-13.806740055073755,17.465451415699665,-19.78314539251886
2001-06-30,6.391081352729512,-14.750072288559258,15.771407210215367,-18.686519025840703
2001-07-01,5.979847592662847,-15.524719836000967,15.0167168859856,-17.53299670302894
2001-07-02,7.7054775601890375,-15.304129776862272,15.188378138517344,-16.13894257976809
2001-07-03,7.612316872418965,-15.110750906993095,13.409249805460815,-15.277964642053538
2001-07-04,7.61687792958375,-14.900366975320699,13.51516735152851,-14.439713173917404
2001-07-05,8.624072761232604,-15.321443288994063,13.306191917273754,-17.204286100351755
2001-07-06,8.900607607082454,-14.984397247714659,13.265967842908886,-16.1004991088009
2001-07-07,8.887659782337833,-15.150165451534123,14.357723714730799,-16.69227495562683
2001-07-08,9.892084785034267,-15.216720470925834,15.78550610199443,-16.858299917904585
2001-07-09,10.722855975486981,-16.12720788565224,16.043544576702924,-15.04499523508943
2001-07-10,11.472008788139714,-15.154384142946217,18.262245753223812,-15.045899138352304
2001-07-11,10.337919835692704,-14.474837634313168,18.88799267807078,-13.701462763293327
2001-07-12,10.794629862572846,-14.742684128733506,18.465649479882526,-12.751900969136118
2001-07-13,11.050450503451716,-14.894246308838552,17.241307895630886,-13.867684407289824
2001-07-14,10.757570442046934,-15.636763383628573,17.16592700984004,-14.361769738665217
2001-07-15,8.829824881363175,-15.707783720609433,17.91970827071023,-12.467495119121327
2001-07-16,7.450979777726992,-15.05203246669682,18.921570851323633,-12.702153719921212
2001-07-17,6.567798642575805,-14.680589107325,17.895643257450907,-12.83446795851578
2001-07-18,7.99591047536882,-14.856643601157895,16.84293401621302,-13.098261908610878
2001-07-19,7.740233627604779,-13.463118971922427,15.58332554843807,-14.548671874807685
2001-07-20,7.113736852777316,-13.090815146090492,15.831614603837181,-14.165049108212843
2001-07-21,7.395698107485417,-12.205837499442955,16.818782595930973,-15.850212070985918
2001-07-22,8.219631987805053,-11.616453639370317,16.645329867949336,-15.563773413213026
2001-07-23,8.294344337570108,-11.31066811022344,17.816132259427985,-14.481340030949497
2001-07-24,8.104677460292828,-11.762792724313973,18.907486903257812,-13.49820036957672
2001-07-25,7.046284967809024,-11.550468039242386,20.169132743896185,-13.30801087914257
2001-07-26,7.472185477030607,-11.609745720788371,20.45467001365363,-15.509287782952423
2001-07-27,6.5206243854112955,-13.364812954008174,20.443295755962133,-15.421418770931957
2001-07-28,6.486796409259776,-12.041353243984345,20.543145874617807,-16.796321991578964
2001-07-29,7.356328846183159,-12.173475179827548,19.77490850590697,-16.266022695458112
2001-07-30,7.359357436711961,-11.401832387967517,19.408637144435062,-14.910045284254391
2001-07-31,6.859788747609632,-11.981372195351666,18.434289392161755,-14.41980551045506
2001-08-01,5.36263010765479,-11.369749554701304,18.487081487961664,-14.710495721541838
2001-08-02,5.382434607612728,-11.84533825260515,17.036125585981985,-15.6380558506661
2001-08-03,4.454218720669868,-12.536334072858397,15.813528034169359,-14.840675474019257
2001-08-04,3.6028358439708867,-14.143227607710177,16.8843237971746,-14.625482713221036
2001-08-05,3.6628719836568147,-16.450809557484153,17.61266262198385,-13.104144868289401
2001-08-06,3.7595061671203234,-15.687840732020383,18.263082733739964,-13.508773359515565
2001-08-07,2.818405026233669,-16.003460646231627,19.446401006512456,-12.674846644952634
2001-08-08,2.975999059986565,-14.934624203837263,18.748279226055857,-11.220773697177702
2001-08-09,3.1276551916435995,-15.878524968854851,19.54382926889646,-9.610500121911608
2001-08-10,2.895963528618639,-15.370892087048322,19.782451935186035,-10.670295687308933
2001-08-11,5.816480721599759,-16.553768988248024,20.4526107911992,-10.43053153240708
2001-08-12,5.1925408837110645,-14.744261311943296,19.171384152792104,-10.868538996284586
2001-08-13,5.706348597081805,-15.642673450489207,19.791703129830392,-10.596984596775437
2001-08-14,6.350782834843159,-16.30760378238044,18.743111155160896,-10.840412314719362
2001-08-15,7.323464812788707,-17.125826152233394,19.12025107323803,-11.87537269507918
2001-08-16,7.1959310582330565,-16.162079853997366,18.783369339080693,-11.89385449441818
2001-08-17,7.239815206224665,-15.18960884146539,18.001082405226523,-10.458191673768551
2001-08-18,6.778071776835876,-15.67094810113345,19.475600639516625,-10.192129311252135
2001-08-19,7.740422197722809,-15.983384422177819,19.769340752475344,-9.03754826077245
2001-08-20,8.725405924628314,-15.380830853709632,20.04882404821837,-9.874021870009548
2001-08-21,9.371847873858753,-16.63208604194449,20.42194247101727,-7.758801513187791
2001-08-22,7.832971142114191,-16.317314029036382,20.309548252879324,-6.582111712701603
2001-08-23,9.568075790644507,-16.90692209769957,19.01807554327492,-6.764493741238844
2001-08-24,8.676481182780455,-16.808618832991034,18.3868043035269,-7.373641042671918
2001-08-25,8.30810652250747,-18.552126706938335,18.559515765714792,-7.225010984240311
2001-08-26,9.419770144377903,-16.52149163502789,19.107730250648657,-7.002121559848861
2001-08-27,11.775301495184955,-16.431843122408225,17.4262896583454,-6.000094211513184
2001-08-28,11.55874247508311,-17.32709379637279,16.942507608862538,-5.702189218917415
2001-08-29,13.106772949882235,-16.637106779070287,18.489122089166585,-7.211386460737895
2001-08-30,13.366725252608786,-17.86911898290643,19.386800979234433,-5.760717782555673
2001-08-31,13.590787009726373,-17.079154912817394,19.055579445016757,-5.15651568074908
2001-09-01,13.694301007313213,-17.99015534959469,19.959709140821936,-5.761990722747882
2001-09-02,13.898470589553588,-17.317054604530252,20.72430334809609,-4.717519483825741
2001-09-03,14.519847089310801,-16.015806530914837,21.274939348759556,-3.305896216595297
2001-09-04,14.897155668279119,-15.614061030269486,21.931651958814097,-3.8176479963369494
2001-09-05,16.65870185708702,-16.17691366183275,20.07293618599012,-5.470860637293486
2001-09-06,17.17212862205747,-15.73620456561114,19.384383891144562,-6.319051971971486
2001-09-07,16.219220937482223,-17.426301332556783,21.279688040083595,-6.643634955487719
2001-09-08,16.880062409637304,-18.026284914307844,19.90200590375809,-7.114357543323685
2001-09-09,17.7825500930347,-17.434833780379826,20.047543413129077,-7.902905930601831
2001-09-10,18.727334562341436,-18.114296430428453,20.40101438269272,-9.70767766984151
2001-09-11,18.78767374066475,-19.370848318577885,19.78748955486532,-9.648555564421407
2001-09-12,19.246042321816567,-19.446729462807433,19.491770338644415,-9.715216607208736
2001-09-13,20.212575284371773,-18.76718037768387,19.947760642822516,-9.114891560135577
2001-09-14,20.033504657052056,-18.915593523476126,20.160735015156718,-10.604972178637233
2001-09-15,19.175059448030908,-18.671295997241714,19.03030055567327,-11.688215052690229
2001-09-16,18.436237398181554,-18.117976629954907,21.82078914945849,-11.995033378403473
2001-09-17,18.442775406593704,-19.188590134571154,22.060825844533916,-13.38117341203314
2001-09-18,18.182206819576376,-17.495483207238216,20.340284398309535,-13.346779394746864
2001-09-19,17.666764609694116,-18.65691868213149,20.82721928281457,-12.936436995046765
2001-09-20,17.214232004021543,-17.28736659594735,21.117967165186588,-11.795570420550492
2001-09-21,16.86653897049562,-16.555534370513364,19.28305613814366,-11.931463661494819
2001-09-22,17.27606204188593,-15.513980398306131,18.027722728745413,-13.052544239158046
2001-09-23,17.079834123363565,-14.051355287328786,17.544545060929405,-13.956824399374312
2001-09-24,15.76324160950821,-14.393757100608914,15.898763000039631,-13.109264261064816
2001-09-25,14.810042890551562,-14.871668674887657,14.818331413856374,-12.67792443297437
2001-09-26,13.660464452769594,-13.504089633070423,15.688695453563664,-13.4607934899528
2001-09-27,13.61019703418543,-14.269330205144993,14.175366927323175,-14.654145082280838
2001-09-28,15.51101443722313,-14.121548320767314,15.588336254005604,-13.323967126588443
2001-09-29,12.769023397512331,-14.417817621785296,15.046185483125775,-12.933875587080486
2001-09-30,12.836889177822535,-14.289388555469959,15.731884109300191,-13.25743341992112
2001-10-01,12.00891686472545,-15.421122955752782,15.159001879665578,-12.864070827366872
2001-10-02,12.61935005199469,-14.889306193752002,14.451739358922808,-13.126909558574798
2001-10-03,13.051620079254494,-15.481668217841225,17.13653342760585,-13.17534816695461
2001-10-04,15.164597613433456,-16.0076320266045,17.480472760449942,-13.554522861590186
2001-10-05,12.687391077252098,-15.138209957424586,19.19991128888854,-13.387171213829008
2001-10-06,11.825831808541995,-14.240408554077938,17.827262852456254,-13.720656058884968
2001-10-07,13.253455495494187,-15.017629598495864,16.455473028732865,-13.674834265824323
2001-10-08,13.565565468976239,-14.633999094455474,16.81964617674699,-13.917545544864844
2001-10-09,15.491432192410677,-13.229896872492516,16.74942960480255,-12.43995775711223
2001-10-10,16.417972713324378,-12.376810785068537,16.149350020955367,-11.444259983371017
2001-10-11,17.730902318958435,-13.587024209270423,15.66682482737279,-12.393164460864565
2001-10-12,21.313575500551696,-12.812828175410115,16.67883122534088,-12.615873529593753
2001-10-13,21.235246966633692,-12.26780297750452,18.813184163462033,-10.840668039713599
2001-10-14,21.13696537867229,-10.724588992658717,18.438485465410345,-11.418710201252251
2001-10-15,22.297076516026102,-10.533526704911976,18.317763418550626,-10.636263111417573
2001-10-16,22.615333873293114,-11.82632283520886,16.578539337499198,-12.42242908549494
2001-10-17,21.56345278305557,-10.903669610357358,17.519871270773226,-14.459262599683766
2001-10-18,22.227149184344277,-9.954037639230107,16.73014246324825,-13.515921695532722
2001-10-19,21.52692499941418,-12.308435190270947,16.848308389205368,-14.394893573328611
2001-10-20,22.768593343779965,-11.81839420009333,16.33648026898688,-14.910643706665137
2001-10-21,21.383909995576783,-11.24581483958082,16.008016834940317,-13.817465935529569
2001-10-22,23.013127099036943,-9.531123820419594,16.464668580707304,-13.720915325849278
2001-10-23,23.034491314942432,-9.193162428844865,16.872715914960068,-14.250613529882708
2001-10-24,22.94422851873525,-6.888399451770655,16.128386884326304,-16.469651279489195
2001-10-25,23.402809946840136,-4.835093264229963,17.011556042627006,-17.085399149670923
2001-10-26,24.724294732373128,-5.67050218279612,16.974329410039676,-15.132361033620507
2001-10-27,23.59725859754982,-4.350834085450513,17.151723795420214,-15.338874683169182
2001-10-28,22.919127625341222,-4.164276333974031,17.429307202428156,-16.324833403030897
2001-10-29,23.546885299423515,-3.9795046152867837,15.565711599972706,-14.767428790303555
2001-10-30,24.560736744287258,-1.9854722512972451,16.258731069763293,-14.96036108422315
2001-10-31,24.401328845560943,-1.1926254511236478,16.662835291701917,-15.640398353389198
2001-11-01,23.624040324655798,-1.335815566868865,16.052855620743067,-15.430324660838703
2001-11-02,24.140405234165286,-0.5711132485680831,15.479207218741779,-16.114807982782178
2001-11-03,24.432748600963066,-0.46330200440117897,15.186216739021294,-15.874356257600592
2001-11-04,23.097485109594945,0.49258979699947936,13.157730301663346,-14.908433114549668
2001-11-05,24.560941885139343,-0.37095304053572775,13.461573451754804,-15.22654328568352
2001-11-06,24.170434834662924,-0.6220770868425936,13.916733846710006,-16.368977104278944
2001-11-07,22.803675279486885,0.5296086892826208,14.561189602806454,-16.613437459018716
2001-11-08,22.057554458866022,-0.4946581855484571,13.644560546279505,-18.157644474873692
2001-11-09,23.143259245817447,0.14422472218819749,14.60767342692386,-18.18968423800029
2001-11-10,21.701255978070577,-0.774397042634647,13.539982372857523,-18.19444476537111
2001-11-11,21.24800110040554,-1.0040662679556678,12.812110604846946,-19.044313367484204
2001-11-12,21.528351556786568,-1.4106748329652634,13.012594898936475,-19.193345624641175
2001-11-13,21.240222874300194,-0.6201535290762564,14.85285725398548,-20.405313904676404
2001-11-14,22.0289530760799,0.15591390858598408,13.600687031599739,-19.504946586196677
2001-11-15,21.40704074914954,-0.983210543161995,13.319322645087517,-20.530222930479148
2001-11-16,22.53666021498836,-1.0406616900952337,13.102281685359701,-19.409767333098756
2001-11-17,21.381172876883078,-0.6418727156796609,13.107485902124292,-19.410976791619838
2001-11-18,19.655713337420995,0.1662516542619018,12.55217005657489,-19.1844435149397
2001-11-19,19.39861993915112,-1.3508299607760006,13.15714121570775,-18.925700084920418
2001-11-20,19.660364775770322,-0.7661281627323236,14.115143893510318,-18.150458350269343
2001-11-21,19.892063821962008,-0.29964356603961234,13.863523716178392,-16.838178338482816
2001-11-22,21.640025690460053,0.8349726850434833,13.516183378984142,-17.289556429418184
2001-11-23,22.447216711977042,1.5580078046105914,13.117912530875829,-16.604506322757317
2001-11-24,21.839672882348,2.2375710315521355,13.10633680697109,-16.709363221619668
2001-11-25,23.850559077646867,3.044344370607994,13.166205564601992,-16.222645871772045
2001-11-26,24.193456624424726,3.8577683746804974,13.561857952726672,-16.79689978098369
2001-11-27,23.944213377240754,4.143312269295952,13.56263660270703,-17.352210922890738
2001-11-28,24.201399790110212,5.237439301279053,13.36001855834326,-16.251861796979064
2001-11-29,24.08160741109291,5.4672430470990045,12.278458456236764,-16.608422445471096
2001-11-30,25.108606574810757,4.091217967721173,13.398296790453749,-16.615880185470488
2001-12-01,25.210666617845828,5.237555108369673,12.021227032667293,-17.303272447105876
2001-12-02,25.627458274242862,5.786684262384952,11.253115722947609,-16.87011627329535
2001-12-03,25.488279150605344,4.994806342889659,10.264434535731464,-16.650206256163056
2001-12-04,27.431430301918702,5.310291899082575,8.293566219896292,-18.355849611907214
2001-12-05,28.136788751291366,5.549002659593789,7.71945734918878,-16.607404645803264
2001-12-06,27.26616211327362,5.19409390925307,9.467267236889276,-18.452922220055413
2001-12-07,28.457862684545553,7.091356936061349,9.770663336572062,-18.552087757877615
2001-12-08,29.026642816737848,5.931469888462549,9.954032853578722,-19.11367221923768
2001-12-09,29.745663108017148,6.577178617195708,9.71216565990514,-18.911247804852074
2001-12-10,30.14126446004216,5.775559835766589,8.654086094427832,-19.84960843314126
2001-12-11,31.199041820564286,6.444322204203662,7.935913646283374,-19.24197580446074
2001-12-12,31.011650906307665,7.330844374837337,9.05797076072839,-19.354453970869955
2001-12-13,30.42127105706082,7.20613339676628,9.808594573320338,-19.463272738754196
2001-12-14,30.35832534217148,6.896572705193455,8.186799204795765,-19.49704562912576
2001-12-15,30.293093832412584,9.061902976344342,7.533322244311101,-18.93160261572666
2001-12-16,30.41466622161872,9.807650637571177,8.62827123723596,-15.824028932532633
2001-12-17,28.94411331923021,9.128351559233298,10.023263451139389,-15.440462314655164
2001-12-18,29.91880828373229,10.63560167078025,9.234569873322346,-15.015308833578633
2001-12-19,29.638206355679436,10.404438999489752,8.255098387589708,-16.30741591309124
2001-12-20,29.51580260252538,9.46271527980258,7.935004967425403,-15.369916878631624
2001-12-21,29.639095675958373,10.589396396700172,6.24370435149969,-15.597491804602859
2001-12-22,30.31434344828918,12.223723019242819,5.004052388586096,-16.645870605869046
2001-12-23,31.68584990199052,12.8306257878553,5.661880387638133,-16.5276899409275
2001-12-24,31.1751574412341,13.5762927106269,7.240614152310112,-15.835393913930845
2001-12-25,30.583864900564944,12.740023503482247,8.574952114665898,-15.994793180030408
2001-12-26,31.13925413900811,14.804106967256168,8.050337490519965,-15.653384170727097
2001-12-27,31.142649642610543,15.196442038310598,7.565447047931507,-17.418492548899785
2001-12-28,30.77414942932192,16.230416703833075,7.737258274898214,-18.40457333095629
2001-12-29,30.44320820138174,16.033655872703257,7.448577931703493,-18.46042395690785
2001-12-30,30.51712672210604,15.873978400360894,6.361079549339624,-17.23461868715363
2001-12-31,30.140652644222207,17.71228202116329,6.495355058266427,-16.68650134697353
2002-01-01,31.31965975736107,16.849329351379954,6.611444536676676,-16.523243003814486
2002-01-02,30.006743969808454,17.97158461255535,5.529074084735294,-16.03107323575224
2002-01-03,32.34717363301752,17.590474090619793,7.430987146059684,-15.298393591445329
2002-01-04,33.09118668183221,16.63305949047433,8.153987609964247,-15.424517377803395
2002-01-05,32.12572289037222,17.48647313012303,7.173991217063147,-15.61170552560189
2002-01-06,33.00689917524331,17.98041051920808,7.054630134731087,-15.309412802055856
2002-01-07,33.18930879040261,17.76175583377849,6.759575247766082,-13.527200260616478
2002-01-08,34.75817099463114,18.707511728644178,8.261091112617148,-13.696402333489921
2002-01-09,32.88703184830243,18.46655194705184,7.371270559104027,-15.112715904078149
2002-01-10,32.55781018403936,18.007353252840947,7.991968041340688,-15.410944019665369
2002-01-11,33.81506119814782,17.95537886081084,6.709954141026409,-16.333957066511413
2002-01-12,32.98605612679748,18.91960593134244,6.737380729611104,-15.52861193280475
2002-01-13,32.60714716381875,18.600401675764658,8.41385881841034,-15.491441620625864
2002-01-14,30.950514363238725,18.830792810261773,8.53071673669367,-14.784567203775843
2002-01-15,30.672181862146772,18.750715517312795,7.634326217968748,-14.499577246855333
2002-01-16,28.84964702353698,18.350598832328824,6.601381743749106,-16.746115652901633
2002-01-17,28.925929187202403,18.26120585486474,7.479228378531618,-17.01423192231814
2002-01-18,28.208719037796527,18.130102792991043,8.053322746182737,-17.24697593164747
2002-01-19,28.608035227531712,17.49819510675671,8.841245757191277,-15.996270947904314
2002-01-20,28.24467986795858,17.959258190961936,7.943010120403179,-15.27276802929204
2002-01-21,29.12417758690482,18.7663328784917,7.969118619558223,-16.020096973545865
2002-01-22,28.000982563419733,18.64544050151184,5.901266640587329,-14.278810976624307
2002-01-23,27.611893490863636,18.828482572784722,4.836565031493759,-13.93464969061292
2002-01-24,27.49975184982827,20.172727807055914,3.0281361156933984,-14.56575530602943
2002-01-25,28.632033594420776,19.789373129365536,2.0918859409198105,-14.470534188228752
2002-01-26,29.383964327665858,20.08500743293647,2.8791792664212528,-14.889338854738924
2002-01-27,29.506530279644668,19.060617166827583,3.3112376116698345,-13.302144826637578
2002-01-28,27.90426239197912,18.939036002912058,4.389398140928684,-13.755030190080479
2002-01-29,27.34396496036003,19.032354768480307,4.943487732880262,-13.708541864679784
2002-01-30,26.817552390102875,18.27041071458578,4.886920584848872,-13.848297749896922
2002-01-31,27.24984046881047,16.805337590214844,5.867815314833818,-15.56615390381963
2002-02-01,26.0995932483519,17.177519742615452,7.831941043039242,-16.471214031107035
2002-02-02,26.09202476720383,16.573966996035878,6.366161958607724,-17.283455533102703
2002-02-03,26.06801939906927,17.644288430328977,6.367764376347743,-16.21124939459547
2002-02-04,25.280289934803612,17.743492969051918,5.363661529672882,-14.967994834647646
2002-02-05,26.112285425121353,18.163387742423726,3.9455966436467422,-16.135399063147002
2002-02-06,27.200724622554688,20.566428396447893,3.992748706997571,-17.172897864467004
2002-02-07,28.49464660480032,20.810483958373993,2.490196199800163,-16.4151529178065
2002-02-08,27.960529729175637,22.3875090711544,1.1095988648105506,-16.650044010261038
2002-02-09,28.392437991768027,23.836498339553067,0.20558270907860765,-15.548346432712368
2002-02-10,30.8202871847053,23.48936844809514,-0.6514422460686025,-15.023267880209112
2002-02-11,31.263737476812995,23.311482597192832,-0.857597314190301,-15.727011606476768
2002-02-12,31.894755420980495,22.63590005499718,-0.8930312262147835,-14.774009954387205
2002-02-13,30.31792535049473,22.345806200700583,0.1919451260595506,-16.53571340601895
2002-02-14,31.846290678723246,22.943681282372495,-0.6523017796631466,-16.434012292889392
2002-02-15,31.78620354787077,24.51988237491263,0.8776194714173461,-15.152410033566083
2002-02-16,31.551106382014968,25.752222847512826,-0.06250146017766145,-15.306515256459834
2002-02-17,32.70382915058536,25.71089283530144,-0.5048702565973753,-15.182939745665962
2002-02-18,31.530175544650223,27.893277732375104,0.2924995806602264,-15.938845688675327
2002-02-19,32.977370413229416,26.30884893352644,-0.7556147103008688,-15.379872907731604
2002-02-20,33.483759576788614,26.642386787391388,-0.7482062392779074,-17.397919646826068
2002-02-21,32.61793496847056,25.612814616850052,-1.4444240951654113,-17.898463137960917
2002-02-22,31.25193562472242,24.98622014947632,0.2797502983844624,-15.547246200388512
2002-02-23,30.85999036478743,24.904591792776962,0.5273472579815548,-15.925760622340292
2002-02-24,32.33609679307981,24.75129205039984,2.008452422908613,-15.564808421469822
2002-02-25,33.02767083573294,22.713229851636097,1.2346496586542135,-15.74280917870705
2002-02-26,34.39094019582047,22.91515159917649,1.5131504765510646,-15.06731082103326
2002-02-27,34.52289257146295,21.528855601916522,1.8313262223886633,-14.134892029517466
2002-02-28,34.04263841462508,21.3669246974626,0.7967116948251152,-14.99398509591839
2002-03-01,31.992679158878403,20.237646171355355,-0.42613101247984675,-15.727665560607228
2002-03-02,33.093447493503916,19.528645754946055,-0.5192442429306158,-15.65113320624908
2002-03-03,31.600627361320843,19.686379432130046,-1.143022294003876,-14.704579235468627
2002-03-04,31.68675790679357,20.643128031682348,-1.2492797541826164,-14.272735330562096
2002-03-05,30.727418178644164,21.93719732040436,-0.48306319794662844,-14.301784307624565
2002-03-06,31.21116280990749,22.271449122322966,-1.7981932881100566,-15.394089877000754
2002-03-07,31.041095862103155,21.518954162559705,-2.140870968738138,-16.39449350932577
2002-03-08,30.3011034463041,21.297720376392775,-2.0943885577898316,-16.749285994265797
2002-03-09,29.754414263439717,22.29006655435909,-1.6342713022234303,-15.87203145623416
2002-03-10,28.55319975314657,24.418707860478712,-2.6116793808514687,-15.758858543595835
2002-03-11,27.08106919923018,24.80366639713303,-3.2631813817658504,-16.29696117240373
2002-03-12,27.419191848192042,25.839563626890694,-1.7399373793419657,-16.480608311955724
2002-03-13,28.35917647888005,25.64939692514315,-2.381217756076526,-16.655373060027546
2002-03-14,28.70774785088014,24.932849281847872,-2.9198112809815244,-17.863944419791288
2002-03-15,28.140274280098748,25.695970997220545,-3.446376714172335,-18.69065779964617
2002-03-16,28.006911861468133,24.08517809339982,-3.086720302480941,-17.177811637779538
2002-03-17,26.679008191557678,23.2117820511178,-5.625705441274461,-17.64837580454622
2002-03-18,26.89834218132473,21.23922925882687,-5.992373077245886,-17.030336271645787
2002-03-19,27.226523694084786,21.071406301894143,-5.730182991731258,-16.874339224036035
2002-03-20,26.725366822616852,20.953974967517237,-7.170203638915771,-16.662274651982514
2002-03-21,28.09150946572402,21.129876617038555,-5.996591273587258,-16.837116616537642
2002-03-22,29.090695103046322,21.89070277834653,-7.652179133377649,-16.84919837421404
2002-03-23,29.940768922112696,22.2953284811774,-8.359871887869428,-16.801660208575434
2002-03-24,31.399278068386096,23.735636396293764,-6.9942311480460955,-17.10918699142279
2002-03-25,28.88485749221831,21.99278318574535,-7.0092622090457395,-15.158872138593582
2002-03-26,29.006293172493404,23.378010161881203,-6.735866769562191,-15.640315295061178
2002-03-27,28.291924995628975,24.225317869962346,-5.96718927922643,-16.64721769456359
2002-03-28,29.316578866179466,22.86275181025192,-6.7669853577532955,-18.450395665233867
2002-03-29,30.12719033693905,21.595827683707693,-6.112775815632138,-18.48347651089997
2002-03-30,30.446535676665608,20.756198703644063,-7.086099986750319,-18.79290063001006
2002-03-31,31.930748390856163,21.234235837368256,-6.938732602106286,-17.219915178392156
2002-04-01,33.25626084659142,20.424637120075058,-6.68814444710948,-15.68698708929092
2002-04-02,33.9742839776181,20.58537976484308,-5.974442626465811,-15.977881799655059
2002-04-03,34.62363249646435,19.935022574123614,-6.241672812246524,-16.574592129380495
2002-04-04,35.85353956062204,22.48032649976306,-5.524826146273751,-15.917507177818916
2002-04-05,35.31372720297134,23.088633045971534,-6.56098343497923,-15.407440117937286
2002-04-06,34.87389435934253,25.028692872635528,-8.484109129488255,-14.107822027622932
2002-04-07,31.531851569143704,25.645662303813925,-9.416180771225074,-13.024784262366568
2002-04-08,31.901614886126566,24.740318869089457,-11.059214392215056,-11.685779663464482
2002-04-09,32.170011015603535,25.857242107208656,-11.212669299534756,-10.671788154457111
2002-04-10,30.500566475936633,26.825821051268957,-13.217246129671814,-11.544642597682781
2002-04-11,28.778742599037496,24.958557103315425,-14.485952278265122,-12.259173113116058
2002-04-12,29.098977063337664,24.91250111246245,-14.936893532886964,-11.483757743784135
2002-04-13,29.77781211589149,25.916256085007774,-14.518017375347709,-13.046281437025732
2002-04-14,31.05363874650518,26.262806305436804,-15.45040140852907,-13.863197540298223
2002-04-15,30.121229677287733,27.00375744396767,-14.911580332762721,-13.798559071322853
2002-04-16,29.75954300987922,27.221407991530278,-16.109631196441057,-14.990802119694573
2002-04-17,29.504519205256788,27.34730338896074,-15.658835376767934,-12.081615537448306
2002-04-18,28.919707609050533,28.39377474904414,-15.560501162535783,-10.374671186195567
2002-04-19,30.403198709423,30.814140503658802,-15.428947574151621,-10.181953371508353
2002-04-20,30.58052970823039,29.952481160823414,-15.795000419441527,-10.439899089301331
2002-04-21,29.615091746054773,29.31987650894364,-15.27125641223165,-10.048515766172999
2002-04-22,29.422445416562,30.077146397406686,-15.174488878216922,-11.394293720500379
2002-04-23,29.81588984074226,30.54050158959034,-12.022839068922266,-9.721378862355294
2002-04-24,31.466883389158223,30.69074820321226,-11.80032448553155,-10.161792759444376
2002-04-25,32.698900351446916,32.24398488754757,-10.769813850930545,-11.826448598733368
2002-04-26,31.353513326121593,31.54251282941087,-10.42333077155635,-12.629758582528977
2002-04-27,31.246207228622705,31.682635800586393,-8.799074862409903,-12.934071638106392
2002-04-28,32.329827590088364,31.293192082581562,-9.351007441113975,-13.624612644450496
2002-04-29,32.15504122978709,30.92901207665585,-10.95205626200307,-13.362376644912175
2002-04-30,30.781600973322625,32.69299003952469,-11.489647362972637,-12.542450134081562
2002-05-01,30.008540143484566,31.905521779660035,-11.89325016575728,-12.02805660892909
2002-05-02,29.599786650356286,32.439619834239174,-13.388854025766662,-11.55965100561717
2002-05-03,28.942977090893297,33.421138818844476,-13.552943451282399,-11.776352118134346
2002-05-04,28.84499656397571,34.89970139142654,-12.332787038976615,-13.652188434042268
2002-05-05,29.02121930887073,33.79764559644928,-10.049489315930158,-13.862880798929302
2002-05-06,28.529500147078448,34.501758511222235,-8.570267311618338,-13.95750725401243
2002-05-07,29.274276457599367,34.03635097806707,-7.035846237821312,-14.675940615603729
2002-05-08,28.703264472646502,35.028312866063,-6.730610516945191,-13.719873708201323
2002-05-09,27.986914896124503,34.958150041561744,-8.147709131869844,-14.524711645483753
2002-05-10,27.190656025251954,34.62529952355128,-7.256314362342914,-14.825731237591592
2002-05-11,28.1584404709639,36.8576948083894,-8.117071928924442,-12.73820975154813
2002-05-12,28.390389723783116,36.385444276070324,-8.977679015085714,-11.695758716724058
2002-05-13,30.31522290029233,35.84715725150798,-8.882733864506935,-10.36422125320988
2002-05-14,30.61126650762142,35.97936071190757,-8.36801630875245,-10.228919402907708
2002-05-15,29.605720143266936,36.18305255822746,-7.243299450872578,-10.083080346307927
2002-05-16,28.375628643035153,36.03165677103857,-5.905787771286542,-10.102804531261828
2002-05-17,26.402573452999025,34.70090525946485,-6.49804520450698,-9.758169279386575
2002-05-18,26.284439477443808,36.73552274911271,-6.3301765340011835,-9.416483617657738
2002-05-19,25.01813535754193,35.02236610227532,-5.9372203677954545,-9.33948095916022
2002-05-20,26.270865204672727,33.932098074120965,-4.090362137525903,-8.973533918659959
2002-05-21,28.82985581093594,34.73589495253018,-4.590093154688594,-9.13152877363382
2002-05-22,28.563816044948737,33.69697472485334,-6.681673615344785,-9.69845533002368
2002-05-23,28.128276739036203,32.07334577254609,-7.736375594788183,-10.37623963014105
2002-05-24,25.83163931965879,31.821914661465158,-7.141561910542023,-9.956126669989565
2002-05-25,24.955144181257634,31.008987488283047,-7.167007041281993,-8.58165548297601
2002-05-26,24.615505614351466,30.172171014537984,-6.0421055446891065,-8.671106393748344
2002-05-27,25.144311738929655,31.27853735897244,-7.37977947377392,-9.347781751572992
2002-05-28,25.237919621120046,30.491403076557333,-6.781470253283329,-7.214664220341339
2002-05-29,25.82679253046045,32.101131845512874,-6.321484242844501,-7.752111167133533
2002-05-30,26.007260218105447,32.712753017074064,-5.365744761303283,-7.858885243656213
2002-05-31,26.57591657578099,33.75477232804656,-6.154529800955919,-7.233729721034828
2002-06-01,26.428989101617862,34.02241298070284,-5.979470781497317,-8.309814730800346
2002-06-02,26.727919542601242,34.22351984850586,-5.976677582165156,-6.3552058769329065
2002-06-03,26.366702626051985,33.88157604850433,-5.3040536325232175,-6.935742893411364
2002-06-04,26.68771699487639,34.19756455659009,-4.870178247394536,-8.525111371350464
2002-06-05,28.250876842721407,34.99843124727569,-5.940132068308452,-8.217928830958893
2002-06-06,27.378557771224756,37.20065166344185,-6.567686450319633,-6.37456529505893
2002-06-07,28.13944661414497,37.80015086983259,-6.462976939062815,-5.883049192205818
2002-06-08,26.34493558175123,37.588219357868,-6.626646297834014,-5.524296148056852
2002-06-09,25.945409540329116,37.28705832109442,-7.049711056216246,-4.998859295287481
2002-06-10,26.46479406202765,36.70776063452408,-6.4720683101522685,-5.209464772586809
2002-06-11,24.429354452587912,39.61290863338647,-4.906983082854946,-3.833612747451681
2002-06-12,25.103839787066523,40.03977029081305,-4.9158952963257665,-3.457884349220571
2002-06-13,24.571468736592323,38.83775530978018,-4.956034859910347,-4.71629796373203
2002-06-14,25.045159100888515,38.84964911966469,-5.027806439082015,-5.1918384636084935
2002-06-15,27.474589366508816,38.73044363476398,-4.426857482598594,-3.391695581200157
2002-06-16,27.79003466621128,37.46490156866566,-4.512794312398386,-3.5821057110479773
2002-06-17,27.97360973817883,36.83762325046878,-5.1281245733349605,-2.5325788617682914
2002-06-18,28.08995785177514,37.85016718837325,-5.729540840761767,-2.881512692981397
2002-06-19,28.95410033350934,38.32211831004047,-6.265721036166167,-4.270694502285665
2002-06-20,29.53755778577069,37.05017006380433,-7.742274631036023,-5.102124455693661
2002-06-21,29.67044306097982,36.096725670791145,-6.825918761961322,-4.144870314915912
2002-06-22,28.1326959319,35.94959299441536,-9.318620161867496,-3.8650936249171184
2002-06-23,26.934665803602094,36.0343734628907,-9.650948423233244,-3.2850567792973364
2002-06-24,27.085007501273115,35.72559813807205,-11.009346893258117,-3.3988819578629057
2002-06-25,27.39372861976951,36.20932805310884,-9.617699177480764,-3.777585641227977
2002-06-26,28.49551970153834,37.347552267256994,-10.348724142098341,-2.772454861874425
2002-06-27,28.392216357532817,36.87132798851251,-8.094313252391212,-4.703807049012509
2002-06-28,29.194078941907883,36.970235483629786,-8.108095705977702,-4.798995419834398
2002-06-29,30.201601254411862,37.83042618336649,-7.175970077886821,-4.584413415887294
2002-06-30,29.925008306603903,37.82004308331014,-8.429344766195834,-3.924797080608112
2002-07-01,31.199272363367616,37.417054806305366,-10.314636846125184,-5.082019512156677
2002-07-02,32.17849904157978,38.298915019163275,-9.804815897433038,-5.56139554668459
2002-07-03,32.72301418193199,38.76965332731359,-9.633810659133534,-6.083881636695714
2002-07-04,33.13398600381891,37.394272694648194,-10.563356702279968,-6.532446932648674
2002-07-05,34.31427172410565,39.47420345534484,-12.137842184038591,-5.906551292187398
2002-07-06,34.94256014499394,39.73495986401836,-12.177036089381765,-5.485926249116047
2002-07-07,35.31835702161326,41.07997132838681,-11.465009416434318,-6.605817994330323
2002-07-08,36.25511221621837,41.825301628691534,-11.387625308103198,-5.414185549441623
2002-07-09,36.428172706183965,41.68531338278433,-11.316640030900945,-5.526668493249871
2002-07-10,37.79654785844002,41.14246040426346,-12.83858923111385,-6.165192820250808
2002-07-11,38.782866441434386,41.89877603764606,-13.262301297600612,-3.299152820064268
2002-07-12,38.975272292614555,40.97328200407502,-13.155214958072799,-1.2991242609421367
2002-07-13,38.399936910591194,41.20211765427024,-12.674283541509311,-2.2307750454193798
2002-07-14,38.22092121232672,39.46461330702456,-12.234607549652342,-2.275625272608983
2002-07-15,37.574655940030766,38.88858218600669,-12.691990139199469,-1.9589655158692039
2002-07-16,38.119632215640266,38.62730366109978,-9.878551151397106,-1.6837697363533717
2002-07-17,37.60026541011086,37.7589109779291,-10.964004883996896,-2.0375952131774144
2002-07-18,38.31564417783199,39.953033697865784,-9.892636204423331,-3.030686617901539
2002-07-19,36.014834767748454,38.21077853982834,-9.219661898672832,-2.5134379499073316
2002-07-20,37.90051163038929,37.56623166810671,-9.08840949173191,-0.9052771095146857
2002-07-21,39.43918065568636,36.36615945633487,-10.652150467049394,0.3544791599338055
2002-07-22,39.93189701071037,37.48570777013055,-10.137842516924533,1.060021540589625
2002-07-23,41.41923892879847,36.28480803628452,-11.079806944134935,1.9508955113696813
2002-07-24,39.50111477660664,36.97386094963188,-11.816331760089913,2.148043491302644
2002-07-25,39.721574296291905,36.52036455598466,-10.594089514079847,3.277470519272628
2002-07-26,39.48543765251523,34.82193549133145,-10.362533505054136,2.6827520663308575
2002-07-27,39.845683225025965,36.1327837025138,-9.293512370073234,2.249311598471744
2002-07-28,40.429972264677225,35.104757847218494,-10.239775005355632,3.3399799452627716
2002-07-29,40.03155093857696,33.23951263111022,-10.155898213086926,5.362370264188828
2002-07-30,40.29378255629925,33.53878745801987,-11.440341884359704,3.698472443220723
2002-07-31,40.189271553921266,32.03003728188744,-11.581995923228286,4.8846139586324755
2002-08-01,40.10687745483025,33.71488003621567,-12.010336349411304,5.964887988082179
2002-08-02,39.23113333457245,31.59154098896894,-12.131319041565886,5.961699487445248
2002-08-03,39.558776632283625,32.626574605533875,-13.416467665712519,7.587945498961284
2002-08-04,41.577875325325564,32.54806028019359,-14.308199955960388,7.228606754431534
2002-08-05,39.95436105168171,32.09623372821857,-14.666130551502906,6.785379287369533
2002-08-06,37.9541616921101,32.387634277470134,-14.301403511027166,6.377408616920714
2002-08-07,37.81538081857304,30.901975375702534,-13.400173988023623,5.633123708669545
2002-08-08,38.40199185313709,28.532523567828747,-13.54279015644608,4.397104601288616
2002-08-09,38.46385584207321,29.934132366031754,-13.985104112455604,2.949252046336702
2002-08-10,38.375808480456655,30.62446402982723,-13.399040500506926,2.320670476419648
2002-08-11,37.575341275333024,31.09826448697636,-13.097529606337995,1.286389521209586
2002-08-12,37.3460557943577,31.081556176537184,-14.425290898911815,1.0527423721124458
2002-08-13,35.41427337485536,30.688695933464825,-15.05409770194085,0.7182678334130981
2002-08-14,36.578926394125936,31.226926571679368,-15.47272095073644,0.16752068019662048
2002-08-15,35.790101693712636,31.273078915883552,-15.161108722672008,0.6991356315887776
2002-08-16,35.09858597335849,33.095554173479954,-16.0208025425381,1.2610601850067802
2002-08-17,33.68920610638381,31.828102462479468,-15.815136224539911,2.950575513992732
2002-08-18,35.0276974621368,32.482758386867474,-17.08168290630545,3.8035139620274503
2002-08-19,34.47930650160947,31.448286620666764,-16.843350342654944,5.836560496552835
2002-08-20,34.20043288252447,31.75464303907273,-16.245939624966567,6.045010257758974
2002-08-21,33.702657368450154,30.244233226514574,-13.51348747555862,5.593652762015841
2002-08-22,33.3389450483722,30.676880646636736,-12.294241598045879,7.666946381053847
2002-08-23,33.787901283015195,31.797708745298355,-12.382693859389809,8.762990250782115
2002-08-24,32.40192184159978,33.08989714401829,-12.259753938864353,9.231715858902247
2002-08-25,33.10034327556279,32.006887189731685,-11.213441346213603,9.550400044743773
2002-08-26,32.45765525123696,32.14191492491677,-11.347120182866746,9.160979374239414
2002-08-27,30.99463094823852,32.12243425778349,-11.699738149926606,8.811702817408381
2002-08-28,31.5896445723882,32.558618148418766,-12.41113918411768,8.465218350416531
2002-08-29,31.409350604101437,35.232222441310164,-13.456667648080948,9.489050672416862
2002-08-30,32.81759375690072,34.58766748680812,-12.798630097059108,8.427039934082305
2002-08-31,31.51313162453864,32.54820934819841,-13.29808564632344,8.754617865965415
2002-09-01,31.70947789249759,33.15720426204099,-14.243904008468485,8.862960697003091
2002-09-02,30.774775130380192,33.03186986087219,-16.65614493890321,10.092555644668035
2002-09-03,29.461697576025056,34.66844991344931,-17.357587591480016,11.56573732228085
2002-09-04,29.11133276919169,34.868231215264885,-17.523679859480737,9.720153712872388
2002-09-05,30.37269196339008,34.26997035706665,-17.351107447040235,10.18835906758593
2002-09-06,30.753517167142334,33.84505852906485,-18.761186252380053,11.270582176799174
2002-09-07,31.891255328627807,34.0263344824262,-20.114760976087318,12.670849424080533
2002-09-08,32.338902487512556,33.76802193130581,-18.598755364874652,12.28716328609098
2002-09-09,32.08030089630724,33.75556239808739,-18.201460808049244,14.34615177353216
2002-09-10,32.51436313645141,35.39724694698639,-17.2502662293886,13.958105766677061
2002-09-11,31.711005954681312,34.599943156343556,-19.52263295213426,14.609115463360045
2002-09-12,31.956452158037532,35.305851461898584,-18.27874245202664,15.323335086802153
2002-09-13,33.1387528738555,35.17987634379853,-18.779439584246685,15.009547659892924
2002-09-14,32.837322293811305,34.52670148501173,-18.870822118288775,13.881428736601173
2002-09-15,33.19414232985865,34.272206289574505,-18.000597524289216,15.061153282050016
2002-09-16,32.147803881309194,33.71140781254423,-20.260207634207656,14.354027605488133
2002-09-17,32.39136256688706,35.17313771191954,-21.282337638112818,14.330953822097653
2002-09-18,31.15490035044279,34.55046471608139,-21.214462887640572,13.748582317722368
2002-09-19,33.04793359430961,34.93549578464371,-20.952937792891273,11.940959534809311
2002-09-20,32.046154549387985,34.0010488002341,-20.199630571869143,10.733606317360405
2002-09-21,32.07641756358796,32.70209572343545,-20.838918409244144,11.16339980379095
2002-09-22,32.06938264196098,32.87165906308292,-22.47377746690237,10.533184544491917
2002-09-23,32.83131230548266,33.68352887465965,-22.124456983203373,10.183307910051429
2002-09-24,33.012774183643806,33.22253446187365,-23.53618253674028,10.053970175407022
2002-09-25,32.79413185589626,32.96293327990072,-26.61761896134322,9.111308626148675
2002-09-26,33.27484908083069,34.01448323579884,-26.526243654210433,7.900554375199647
